{
  "project_info": {
    "project_number": "848887848334",
    "project_id": "aula1-leandro",
    "storage_bucket": "aula1-leandro.firebasestorage.app"
  },
  "client": [
    {
      "client_info": {
        "mobilesdk_app_id": "1:848887848334:android:74c27826b4fcf39cbb98df",
        "android_client_info": {
          "package_name": "com.example.java"
        }
      },
      "oauth_client": [],
      "api_key": [
        {
          "current_key": "AIzaSyBWK6Y8ZSm7r5KSRvyQqOXb7TEGUxtsxQw"
        }
      ],
      "services": {
        "appinvite_service": {
          "other_platform_oauth_client": []
        }
      }
    }
  ],
  "configuration_version": "1"
}